patient_id,image_path,max_similarity_to_kidney_reference,top5_mean_similarity_to_kidney_reference
patient011,patient_folders/patient011/IMG-0001-00006.png,0.8551275134086609,0.8329920768737793
patient011,patient_folders/patient011/IMG-0001-00004.png,0.8310104608535767,0.8130601644515991
patient011,patient_folders/patient011/IMG-0001-00005.png,0.8145395517349243,0.7854962944984436
patient011,patient_folders/patient011/IMG-0001-00003.png,0.7539656162261963,0.7491133213043213
patient011,patient_folders/patient011/IMG-0001-00007.png,0.7499371767044067,0.7432058453559875
patient011,patient_folders/patient011/IMG-0001-00001.png,0.7455191612243652,0.7344897985458374
patient011,patient_folders/patient011/IMG-0001-00009.png,0.7094510197639465,0.7078374624252319
patient011,patient_folders/patient011/IMG-0001-00002.png,0.6919968724250793,0.6859977841377258
patient011,patient_folders/patient011/IMG-0001-00008.png,0.6018040776252747,0.5839066505432129
